INSERT INTO Persona (Cedula, Nombre, FechaNac, Edad, Direccion, Genero) VALUES
(222222222, "Consumidor Final", NULL, NULL, NULL, NUll),
(1007345, "Maria Pinzon", '1987-05-15', YEAR(CURDATE()) - YEAR(FechaNac), "Carrera 25 #16-23", "F"),
(1098523, "Juan Rodriguez", '1985-10-20', YEAR(CURDATE()) - YEAR(FechaNac), "Carrera 45 #20-30", "M"),
(1002578, "Luisa Perez", '2000-03-10', YEAR(CURDATE()) - YEAR(FechaNac), "Carrera 10 #30-45", "F"),
(63210, "Pedro Lopez", '1978-12-05', YEAR(CURDATE()) - YEAR(FechaNac), "Calle 60 #15-25", "M"),
(1097584, "Ana Gutierrez", '1995-08-25', YEAR(CURDATE()) - YEAR(FechaNac), "Carrera 35 #22-60", "F"),
(1346, "Carlos Martinez", '1982-06-30', YEAR(CURDATE()) - YEAR(FechaNac), "Calle 50 #28-35", "M"),
(1098543, "Elena Ramirez", '1998-11-12', YEAR(CURDATE()) - YEAR(FechaNac), "Carrera 18 #14-28", "F"),
(1365, "Miguel Gonzalez", '1972-09-08', YEAR(CURDATE()) - YEAR(FechaNac), "Calle 55 #12-50", "M"),
(1025486, "Sofia Diaz", '1989-04-03', YEAR(CURDATE()) - YEAR(FechaNac), "Carrera 28 #17-22", "F"),
(1005478, "Javier Sanchez", '2002-07-20', YEAR(CURDATE()) - YEAR(FechaNac), "Calle 42 #19-60", "M"),
(1098537, "Valeria Martinez", '1993-02-18', YEAR(CURDATE()) - YEAR(FechaNac), "Carrera 15 #22-17", "F"),
(65781, "Raul Alvarez", '1980-01-09', YEAR(CURDATE()) - YEAR(FechaNac), "Calle 48 #14-20", "M"),
(196020, "Laura Herrera", '1991-06-14', YEAR(CURDATE()) - YEAR(FechaNac), "Carrera 20 #28-15", "F"),
(63142, "Diego Castro", '1975-03-25', YEAR(CURDATE()) - YEAR(FechaNac), "Calle 56 #18-12", "M"),
(1006447, "Gabriela Fernandez", '2005-09-30', YEAR(CURDATE()) - YEAR(FechaNac), "Carrera 30 #20-25", "F"),
(1095232, "Pablo Vargas", '1987-08-10', YEAR(CURDATE()) - YEAR(FechaNac), "Calle 40 #15-22", "M"),
(1009645, "Fernanda Torres", '1997-12-20', YEAR(CURDATE()) - YEAR(FechaNac), "Carrera 12 #16-20", "F"),
(137245, "Oscar Ramirez", '1970-07-05', YEAR(CURDATE()) - YEAR(FechaNac), "Calle 58 #12-19", "M"),
(1009452, "Isabella Gomez", '1994-04-28', YEAR(CURDATE()) - YEAR(FechaNac), "Carrera 25 #18-20", "F"),
(1008456, "Jose Lopez", '1984-05-03', YEAR(CURDATE()) - YEAR(FechaNac), "Calle 44 #20-25", "M"),
(1005874, "Camila Diaz", '2001-10-15', YEAR(CURDATE()) - YEAR(FechaNac), "Carrera 17 #20-15", "F"),
(65410, "Andres Jimenez", '1979-11-22', YEAR(CURDATE()) - YEAR(FechaNac), "Calle 52 #16-19", "M"),
(1009236, "Diana Rodriguez", '1992-03-01', YEAR(CURDATE()) - YEAR(FechaNac), "Carrera 22 #19-20", "F"),
(1098410, "Gustavo Mendez", '1994-04-15', YEAR(CURDATE()) - YEAR(FechaNac), "Carrera 38 #25-30", "M"),
(1097520, "Valentina Garcia", '1993-11-20', YEAR(CURDATE()) - YEAR(FechaNac), "Calle 62 #12-18", "F"),
(69741, "Mateo Sanchez", '1980-08-10', YEAR(CURDATE()) - YEAR(FechaNac), "Carrera 28 #18-22", "M"),
(1005410, "Daniela Rodriguez", '2001-03-05', YEAR(CURDATE()) - YEAR(FechaNac), "Calle 50 #20-25", "F"),
(1001357, "Ricardo Gonzalez", '1995-07-22', YEAR(CURDATE()) - YEAR(FechaNac), "Carrera 12 #15-20", "M"),
(1009541, "Carolina Diaz", '1987-12-01', YEAR(CURDATE()) - YEAR(FechaNac), "Calle 55 #16-22", "F"),
(1009241, "Sebastian Ramirez", '1990-09-18', YEAR(CURDATE()) - YEAR(FechaNac), "Carrera 20 #10-15", "M"),
(1005411, "Juliana Gomez", '2000-06-30', YEAR(CURDATE()) - YEAR(FechaNac), "Calle 48 #22-28", "F"),
(1478541, "Alejandro Martinez", '1985-02-25', YEAR(CURDATE()) - YEAR(FechaNac), "Carrera 35 #17-23", "M"),
(1009854, "Sara Hernandez", '1992-10-12', YEAR(CURDATE()) - YEAR(FechaNac), "Calle 42 #18-25", "F"),
(1002419, "Fabian Castro", '1997-05-08', YEAR(CURDATE()) - YEAR(FechaNac), "Carrera 18 #12-18", "M"),
(1008347, "Estefania Lopez", '1983-11-04', YEAR(CURDATE()) - YEAR(FechaNac), "Calle 38 #16-22", "F"),
(1005423, "Juanita Ruiz", '2003-08-30', YEAR(CURDATE()) - YEAR(FechaNac), "Carrera 45 #20-25", "F"),
(1084782, "Andrea Lopez", '1989-04-22', YEAR(CURDATE()) - YEAR(FechaNac), "Calle 60 #15-20", "F"),
(61402, "Manuel Alvarez", '1982-01-15', YEAR(CURDATE()) - YEAR(FechaNac), "Carrera 25 #16-23", "M"),
(1002456, "Camilo Rojas", '2000-09-20', YEAR(CURDATE()) - YEAR(FechaNac), "Carrera 30 #22-28", "M"),
(1001457, "Monica Perez", '1996-03-18', YEAR(CURDATE()) - YEAR(FechaNac), "Carrera 22 #18-22", "F"),
(1091342, "Nicolas Gomez", '1991-07-10', YEAR(CURDATE()) - YEAR(FechaNac), "Calle 44 #20-25", "M"),
(1087452, "Paola Garcia", '1987-12-05', YEAR(CURDATE()) - YEAR(FechaNac), "Calle 52 #16-20", "F"),
(1006478, "David Jimenez", '2004-06-28', YEAR(CURDATE()) - YEAR(FechaNac), "Carrera 17 #20-25", "M"),
(1094875, "Angela Ramirez", '1994-10-15', YEAR(CURDATE()) - YEAR(FechaNac), "Carrera 40 #12-18", "F"),
(1088745, "Roberto Castillo", '1988-05-18', YEAR(CURDATE()) - YEAR(FechaNac), "Calle 46 #15-20", "M"),
(1099256, "Tatiana Moreno", '1999-01-22', YEAR(CURDATE()) - YEAR(FechaNac), "Carrera 32 #18-22", "F"),
(1090483, "Felipe Duque", '1990-08-30', YEAR(CURDATE()) - YEAR(FechaNac), "Calle 48 #20-25", "M"),
(1085057, "Lucia Marin", '1985-03-25', YEAR(CURDATE()) - YEAR(FechaNac), "Carrera 42 #15-20", "F"),
(1097423, "Eduardo Gomez", '1997-09-10', YEAR(CURDATE()) - YEAR(FechaNac), "Carrera 50 #22-28", "M"),
(1082462, "Adriana Ortiz", '1982-06-18', YEAR(CURDATE()) - YEAR(FechaNac), "Calle 55 #16-20", "F"),
(1002478, "Gabriel Lopez", '2001-12-20', YEAR(CURDATE()) - YEAR(FechaNac), "Carrera 18 #20-25", "M"),
(1095487, "Marcela Guerrero", '1995-01-15', YEAR(CURDATE()) - YEAR(FechaNac), "Calle 60 #18-22", "F"),
(1090547, "Hernan Torres", '1990-11-28', YEAR(CURDATE()) - YEAR(FechaNac), "Carrera 35 #14-20", "M"),
(1087453, "Catalina Gomez", '1987-07-22', YEAR(CURDATE()) - YEAR(FechaNac), "Carrera 30 #16-22", "F"),
(4105441, "Diego Rodriguez", '2003-04-08', YEAR(CURDATE()) - YEAR(FechaNac), "Calle 48 #22-28", "M"),
(1098421, "Laura Alvarez", '1998-09-15', YEAR(CURDATE()) - YEAR(FechaNac), "Carrera 40 #18-22", "F"),
(1098712, "Juan Pablo Castro", '1984-02-10', YEAR(CURDATE()) - YEAR(FechaNac), "Calle 52 #15-20", "M"),
(1455747, "Valentina Marin", '1993-12-05', YEAR(CURDATE()) - YEAR(FechaNac), "Carrera 50 #20-25", "F"),
(63541, "Luis Rodriguez", '1980-10-18', YEAR(CURDATE()) - YEAR(FechaNac), "Calle 55 #16-22", "M"),
(1000245, "Carolina Molina", '2000-05-20', YEAR(CURDATE()) - YEAR(FechaNac), "Carrera 20 #18-23", "F"),
(1096255, "Daniel Gomez", '1996-01-08', YEAR(CURDATE()) - YEAR(FechaNac), "Carrera 38 #12-18", "M");
INSERT INTO Cliente (Cedula, Clasificacion) VALUES 
(222222222, "Minorista"),
(1007345, "Minorista"),
(1098523, "Minorista"),
(1002578, "Minorista"),
(63210, "Minorista"),
(1097584, "Minorista"),
(1346, "Minorista"),
(1098543, "Minorista"),
(1365, "Minorista"),
(1005478, "Minorista");
INSERT INTO Empleado (Cedula, Salario, AñosExperiencia) VALUES
(1098537, 1500000, 3),
(65781, 1800000, 10),
(196020, 2100000, 8),
(63142, 2200000, 15),
(1006447, 1400000, 2),
(1095232, 1600000, 5),
(1009645, 1900000, 7),
(137245, 2500000, 20),
(1009452, 1350000, 4),
(1008456, 1700000, 12),
(1005874, 1600000, 6),
(65410, 2000000, 18),
(1009236, 1800000, 9),
(1098410, 3750000, 4),
(1097520, 1850000, 8),
(69741, 1950000, 11),
(1005410, 1450000, 3),
(1001357, 1650000, 7),
(1009541, 2000000, 13),
(1009241, 1700000, 5),
(1005411, 1600000, 2),
(1478541, 2200000, 9),
(1009854, 1800000, 6),
(1002419, 2100000, 14),
(1008347, 2000000, 11),
(1005423, 1500000, 3),
(1084782, 1900000, 8),
(61402, 2000000, 12),
(1002456, 1700000, 6),
(1001457, 1600000, 5),
(1091342, 1950000, 9),
(1087452, 1850000, 8),
(1006478, 1350000, 3),
(1094875, 1600000, 4),
(1088745, 3700000, 12),
(1099256, 1550000, 2),
(1090483, 1750000, 8),
(1085057, 1900000, 10),
(1097423, 1450000, 3),
(1082462, 1600000, 5),
(1002478, 1800000, 6),
(1095487, 2000000, 11),
(1090547, 1700000, 6),
(1087453, 1900000, 9),
(4105441, 1400000, 2),
(1098421, 1650000, 4),
(1098712, 3000000, 10),
(1455747, 1850000, 8),
(63541, 1750000, 7),
(1000245, 1800000, 9),
(1025486, 3500000, 15),
(1096255, 1900000, 10);
INSERT INTO PuntoVenta (IDtienda, Direccion) VALUES
(10097, "Calle 52 #16-88"),
(10098, "Calle 23 #34-23"),
(10099, "Calle 46 #32-21"),
(100100, "Carrera 15wa"),
(100101, "Carrera 238v");
INSERT INTO Finca (IDfinca, Nombre, Direccion) VALUES
(41, "Napoleon", "Carrera 512 Mesa Santos"),
(42, "Maria", "Carrera 231 Mesa Santos"),
(43, "Esperanza", "Carrera 23b Ruitoque"),
(44, "Rosal", "Carrera 123 Mesa Santos"),
(45, "Antonio", "Carrera 93w Ruitoque");
INSERT INTO Vendedor (Cedula, HoraEntrada, HoraSalida, Tienda) VALUES
(1098537, '06:00:00', '12:00:00', 10097), 
(65781, '12:00:00', '17:00:00', 10097),
(1009645, '09:00:00', '18:00:00', 10098),   
(196020, '08:00:00', '13:00:00', 10099),
(137245, '14:30:00', '20:30:00', 10099),
(63142, '08:30:00', '17:30:00', 100100),
(1006447, '10:30:00', '19:30:00', 100101);
INSERT INTO Transportador(Cedula, Licencia) VALUES
(1009452, 2342),
(1008456, 4575),
(1005874, 7487),
(65410, 4177),
(1009236, 2334);
INSERT INTO CamionCarga (matricula, marca, modelo) VALUES
(1001, "Mercedes benz", 2022),
(1002, "Mercedes benz", 2023),
(1003, "Foton", 2023),
(1004, "Chevrolet", 2023),
(1005, "Chevrolet", 2024);
INSERT INTO transportador_camion (cedula_transportador, matricula) VALUES
(1009452, 1001),
(1009452, 1002),
(1008456, 1003),
(1005874, 1004),
(65410, 1005),
(1009236, 1005);
INSERT INTO TrabajadorFinca (Cedula, Labor, Mayordomo, Finca) VALUES
(1098410, "Mayordomo", NULL, 41),
(1097520, "Limpieza", 1098410, 41),
(69741, "Cuidado Ganado", 1098410, 41),
(1005410, "Cuidado Ganado", 1098410, 41),
(1001357, "Mantenimiento", 1098410, 41),
(1009541, "Limpieza", 1098410, 41),
(1009241, "Cuidado Ganado", 1098410, 41),
(1005411, "Cuidado Ganado", 1098410, 41),
(1478541, "Cultivador", 1098410, 41),
(1009854, "Cultivador", 1098410, 41);
INSERT INTO TrabajadorFinca (Cedula, Labor, Mayordomo, Finca) VALUES
(1002419, "Mayordomo", NULL, 42),
(1008347, "Limpieza", 1002419, 42),
(1005423, "Cuidado porcicola", 1002419, 42),
(1084782, "Cuidado vacas", 1002419, 42),
(61402, "Mantenimiento", 1002419, 42),
(1002456, "Cuidado Gallinas", 1002419, 42),
(1001457, "Mecanico", 1002419, 42),
(1091342, "Cultivador", 1002419, 42),
(1087452, "Limpieza", 1002419, 42),
(1006478, "Cultivador", 1002419, 42),
(1094875, "Mantenimiento", 1002419, 42);
INSERT INTO TrabajadorFinca (Cedula, Labor, Mayordomo, Finca) VALUES
(1088745, "Mayordomo", NULL, 43),
(1099256, "Mecanico", 1088745, 43),
(1090483, "Cuidado Porcicola", 1088745, 43),
(1085057, "Cultivador", 1088745, 43),
(1097423, "Limpieza", 1088745, 43),
(1082462, "Limpieza", 1088745, 43),
(1002478, "Mecanico", 1088745, 43);
INSERT INTO TrabajadorFinca (Cedula, Labor, Mayordomo, Finca) VALUES
(1095487, "Mayordomo", NULL, 44),
(1090547, "Sirviente", 1095487, 44),
(1087453, "Cuidado animal", 1095487, 44),
(4105441, "Limpieza", 1095487, 44),
(1098421, "Cuidado animal", 1095487, 44),
(1098712, "Cultivador", 1095487, 44);
INSERT INTO TrabajadorFinca (Cedula, Labor, Mayordomo, Finca) VALUES
(1025486, "Mayordomo", NULL, 45),
(63541, "Cuidado animal", 1025486, 45),
(1455747, "Limpieza", 1025486, 45),
(1000245, "Cultivador", 1025486, 45),
(1096255, "Limpieza", 1025486, 45);
INSERT INTO establo (IDestablo, tipo, tamaño, IDfinca) VALUES
(11, "Grande", 160, 41),
(12, "Grande", 150, 41),
(13, "Grande", 160, 41),
(14, "Grande", 160, 41),
(15, "Grande", 175, 41),
(26, "Grande", 150, 42),
(27, "Grande", 181, 42),
(28, "Grande", 165, 42),
(29, "Grande", 163, 42),
(210, "Grande", 134, 42),
(311, "Pequeño", 40, 43),
(312, "Mediano", 80, 43),
(313, "Grande", 170, 43),
(414, "Pequeño", 50, 44),
(415, "Mediano", 90, 44),
(516, "Pequeño", 40, 45);
INSERT INTO animal (IDanimal, peso, raza, sexo, estadoSalud, edad, etapaDesarrollo, establo, tipo) VALUES
(1, 200, "Holstein", 'F', "Saludable", 5, "Crecimiento", 11, "Vaca"),
(2, 250, "Angus", 'M', "Saludable", 3, "Crecimiento", 11, "Vaca"),
(3, 220, "Jersey", 'F', "Saludable", 4, "Crecimiento", 12, "Vaca"),
(4, 180, "Cochinillo", 'M', "Saludable", 1, "Crianza", 13, "Cerdo"),
(5, 100, "Leghorn", 'F', "Saludable", 1, "Crianza", 14, "Gallina"),
(6, 300, "Atlantic Salmon", 'M', "Saludable", 2, "Crecimiento", 15, "Pescado"),
(7, 210, "Hereford", 'F', "Saludable", 3, "Crecimiento", 26, "Vaca"),
(8, 190, "Large White", 'M', "Saludable", 2, "Crianza", 27, "Cerdo"),
(9, 110, "Rhode Island Red", 'F', "Saludable", 1, "Crianza", 28, "Gallina"),
(10, 280, "Trucha Arcoíris", 'M', "Saludable", 3, "Crecimiento", 29, "Pescado"),
(11, 240, "Angus", 'F', "Saludable", 4, "Crecimiento", 210, "Vaca"),
(12, 170, "Landrace", 'M', "Saludable", 1, "Crianza", 311, "Cerdo"),
(13, 120, "Australorp", 'F', "Saludable", 1, "Crianza", 312, "Gallina"),
(14, 250, "Salmón Chinook", 'M', "Saludable", 2, "Crecimiento", 313, "Pescado"),
(15, 240, "Angus", 'F', "Saludable", 4, "Crecimiento", 414, "Vaca"),
(16, 180, "Duroc", 'M', "Saludable", 2, "Crecimiento", 415, "Cerdo"),
(17, 100, "Leghorn", 'F', "Saludable", 1, "Crianza", 516, "Gallina"),
(18, 320, "Salmón del Atlántico", 'M', "Saludable", 3, "Crecimiento", 11, "Vaca"),
(19, 230, "Brown Swiss", 'F', "Saludable", 4, "Crecimiento", 12, "Vaca"),
(20, 150, "Berkshire", 'M', "Saludable", 3, "Crianza", 13, "Cerdo"),
(21, 80, "Bantam", 'F', "Saludable", 1, "Crianza", 14, "Gallina"),
(22, 280, "Salmón Coho", 'M', "Saludable", 2, "Crecimiento", 15, "Pescado"),
(23, 200, "Charolais", 'F', "Saludable", 5, "Crecimiento", 26, "Vaca"),
(24, 190, "Large White", 'M', "Saludable", 2, "Crianza", 27, "Cerdo"),
(25, 110, "Rhode Island Red", 'F', "Saludable", 1, "Crianza", 28, "Gallina"),
(26, 280, "Trucha Arcoíris", 'M', "Saludable", 3, "Crecimiento", 29, "Pescado"),
(27, 220, "Jersey", 'F', "Saludable", 4, "Crecimiento", 210, "Vaca"),
(28, 160, "Landrace", 'M', "Saludable", 1, "Crianza", 311, "Cerdo"),
(29, 130, "Rhode Island Red", 'F', "Saludable", 1, "Crianza", 312, "Gallina"),
(30, 260, "Salmón Coho", 'M', "Saludable", 2, "Crecimiento", 313, "Pescado"),
(31, 210, "Hereford", 'F', "Saludable", 3, "Crecimiento", 414, "Vaca"),
(32, 180, "Duroc", 'M', "Saludable", 2, "Crecimiento", 415, "Cerdo"),
(33, 90, "Bantam", 'F', "Saludable", 1, "Crianza", 516, "Gallina"),
(34, 280, "Trucha Arcoíris", 'M', "Saludable", 3, "Crecimiento", 11, "Vaca"),
(35, 220, "Jersey", 'F', "Saludable", 4, "Crecimiento", 12, "Vaca"),
(36, 160, "Landrace", 'M', "Saludable", 1, "Crianza", 313, "Cerdo"),
(37, 130, "Rhode Island Red", 'F', "Saludable", 1, "Crianza", 414, "Gallina"),
(38, 240, "Salmón del Atlántico", 'M', "Saludable", 3, "Crecimiento", 415, "Pescado");
INSERT INTO alimento (IDalimento, fechaProduccion, fechaVencimiento, certificacion) VALUES
(101, '2024-04-30', '2024-05-30', "Orgánico"),
(102, '2024-04-29', '2024-05-29', "OMG"),
(103, '2024-04-28', '2024-05-28', "Orgánico"),
(104, '2024-04-27', '2024-06-27', "OMG"),
(105, '2024-04-26', '2024-05-26', "Orgánico"),
(106, '2024-04-25', '2024-05-25', "OMG"),
(107, '2024-04-24', '2024-05-24', "Orgánico"),
(108, '2024-04-23', '2024-05-23', "OMG"),
(109, '2024-04-22', '2024-05-22', "Orgánico"),
(110, '2024-04-21', '2024-05-21', "OMG"),
(111, '2024-04-20', '2024-05-20', "Orgánico"),
(112, '2024-04-19', '2024-05-19', "OMG"),
(113, '2024-04-18', '2024-05-18', "Orgánico"),
(114, '2024-04-17', '2024-07-17', "OMG"),
(115, '2024-04-16', '2024-07-16', "Orgánico"),
(116, '2024-04-15', '2024-07-14', "OMG"),
(117, '2024-04-14', '2024-05-28', "Orgánico"),
(118, '2024-04-13', '2024-05-28', "OMG"),
(119, '2024-04-12', '2024-05-28', "Orgánico"),
(120, '2024-04-11', '2024-06-11', "OMG"),
(121, '2024-04-10', '2024-05-10', "Orgánico"),
(122, '2024-04-09', '2024-06-09', "OMG"),
(123, '2024-04-08', '2024-05-08', "Orgánico"),
(124, '2024-04-07', '2024-06-07', "OMG"),
(125, '2024-04-06', '2024-06-06', "Orgánico"),
(126, '2024-04-05', '2024-06-05', "OMG"),
(127, '2024-04-04', '2024-06-04', "Orgánico"),
(128, '2024-04-03', '2024-06-03', "OMG"),
(129, '2024-04-02', '2024-06-02', "Orgánico"),
(130, '2024-04-01', '2024-06-01', "OMG"),
(131, '2024-03-31', '2024-05-30', "Orgánico"),
(132, '2024-03-30', '2024-06-29', "OMG"),
(133, '2024-03-29', '2024-06-28', "Orgánico"),
(134, '2024-03-28', '2024-06-27', "OMG"),
(135, '2024-03-27', '2024-05-26', "Orgánico"),
(136, '2024-03-26', '2024-06-25', "OMG"),
(137, '2024-03-25', '2024-06-24', "Orgánico"),
(138, '2024-03-24', '2024-06-23', "OMG"),
(139, '2024-03-23', '2024-05-22', "Orgánico"),
(140, '2024-03-22', '2024-06-21', "OMG"),
(141, '2024-03-21', '2024-06-20', "Orgánico"),
(142, '2024-03-20', '2024-06-19', "OMG"),
(143, '2024-03-19', '2024-06-18', "Orgánico"),
(144, '2024-03-18', '2024-06-17', "OMG"),
(145, '2024-03-17', '2024-05-16', "Orgánico"),
(146, '2024-03-16', '2024-06-15', "OMG"),
(147, '2024-03-15', '2024-06-14', "Orgánico"),
(148, '2024-03-14', '2024-06-13', "OMG"),
(149, '2024-03-13', '2024-06-12', "Orgánico"),
(150, '2024-03-12', '2024-06-11', "OMG");
INSERT INTO cultivo (IDalimento, nombre, valorXlibra, tipo) VALUES
(129, "Cilantro", 3000, "Vegetal"),
(101, "Arroz", 4000, "Grano"),
(102, "Maíz", 3500, "Grano"),
(103, "Tomate", 4500, "Vegetal"),
(104, "Papa", 3200, "Tubérculo"),
(105, "Frijol", 5000, "Leguminosa"),
(106, "Lechuga", 2800, "Vegetal"),
(107, "Zanahoria", 3100, "Vegetal"),
(108, "Cebolla", 3400, "Vegetal"),
(109, "Yuca", 4200, "Tubérculo"),
(110, "Remolacha", 3700, "Vegetal");
INSERT INTO carne (IDalimento, peso, corte, raza, valorXlibra, tipo) VALUES
(119, 120, "Filete", "Angus", 15000, "Res"),
(120, 120, "Costilla", "Angus", 13000, "Res"),
(121, 120, "Lomo", "Angus", 16000, "Res"),
(122, 120, "Chuletón", "Angus", 18000, "Res"),
(123, 120, "Solomillo", "Angus", 17000, "Res"),
(124, 120, "Picaña", "Angus", 15500, "Res"),
(125, 101, "Lomo", "Yorkshire", 14000, "Cerdo"),
(126, 101, "Costilla", "Yorkshire", 13500, "Cerdo"),
(127, 101, "Jamón", "Yorkshire", 14500, "Cerdo"),
(128, 101, "Panceta", "Yorkshire", 15000, "Cerdo"),
(134, 600, "Pechuga", "Gallina de Guinea", 11000, "Gallina"),
(135, 600, "Muslo", "Gallina de Guinea", 11500, "Gallina"),
(136, 600, "Ala", "Gallina de Guinea", 10500, "Gallina"),
(137, 600, "Cadera", "Gallina de Guinea", 12000, "Gallina"),
(138, 600, "Espalda", "Gallina de Guinea", 9500, "Gallina"),
(139, 600, "Pata", "Gallina de Guinea", 10000, "Gallina"),
(140, 600, "Cuello", "Gallina de Guinea", 9800, "Gallina"),
(141, 600, "Hígado", "Gallina de Guinea", 11200, "Gallina"),
(142, 600, "Corazón", "Gallina de Guinea", 12500, "Gallina"),
(143, 600, "Estómago", "Gallina de Guinea", 9000, "Gallina"),
(145, 110, "Filete", "Salmón", 16000, "Pescado"),
(146, 110, "Lomo", "Salmón", 16500, "Pescado"),
(147, 110, "Cola", "Salmón", 15000, "Pescado"),
(148, 110, "Rodaja", "Salmón", 17000, "Pescado"),
(149, 110, "Cabeza", "Salmón", 15500, "Pescado"),
(150, 110, "Vísceras", "Salmón", 14500, "Pescado");
INSERT INTO CartonHuevo (IDalimento, clasificacion, unidades, tipoHuevo, ValorCarton) VALUES
(130, "AAA", 8, "Tradicional", 10000),
(132, "B", 30, "Tradicional", 14000),
(131, "AAA", 30, "Criollo", 20000),
(111, "A", 30, "Criollo", 16000),
(133, "B", 8, "Tradicional", 8000),
(112, "AA", 15, "Criollo", 10000),
(113, "B", 8, "tradicional", 8000),
(114, "A", 15, "criollo", 9000),
(115, "AA", 30, "tradicional", 18000),
(116, "AAA", 8, "criollo", 12000),
(117, "B", 15, "tradicional", 12000),
(118, "A", 30, "criollo", 16000);
INSERT INTO finca_alimento (IDfinca, IDalimento) VALUES
(41, 101),
(41, 102),
(41, 103),
(41, 104),
(41, 105),
(41, 106),
(41, 107),
(41, 108),
(41, 109),
(41, 110),
(41, 111),
(41, 112),
(41, 113),
(41, 114),
(41, 115),
(41, 116),
(41, 117),
(41, 118),
(41, 119),
(41, 120),
(41, 121),
(41, 122),
(41, 123),
(41, 124),
(42, 125),
(42, 126),
(42, 127),
(42, 128),
(42, 129),
(42, 130),
(42, 131),
(42, 132),
(42, 133),
(42, 134),
(42, 135),
(42, 136),
(42, 137),
(42, 138),
(42, 139),
(42, 140),
(42, 141),
(42, 142),
(42, 143),
(42, 144),
(43, 134),
(43, 135),
(43, 136),
(43, 137),
(43, 138),
(43, 139),
(43, 140),
(43, 141),
(43, 142),
(43, 143),
(43, 144),
(44, 119),
(44, 120),
(44, 121),
(44, 122),
(44, 123),
(44, 124),
(45, 145),
(45, 146),
(45, 147),
(45, 148),
(45, 149),
(45, 150);
INSERT INTO loteProduccion (IDlote, estado, camionCarga, puntoVenta) VALUES
(1001, "En camino", 1001, 10097),
(1002, "En proceso", 1002, 10098),
(1003, "En camino", 1002, 10099),
(1004, "En proceso", 1003, 100100),
(1005, "En camino", 1004, 100101),
(1006, "En proceso", 1005, 10097),
(1007, "En camino", 1002, 10098),
(1008, "En punto de venta", 1003, 10099);
INSERT INTO lote_alimento (IDlote, IDalimento) VALUES
(1001, 101),
(1001, 103),
(1001, 109),
(1001, 113),
(1001, 125),
(1001, 134),
(1001, 145),
(1002, 102),
(1002, 104),
(1002, 110),
(1002, 114),
(1002, 126),
(1002, 135),
(1002, 146),
(1003, 105),
(1003, 111),
(1003, 115),
(1003, 121),
(1003, 127),
(1003, 136),
(1003, 147),
(1004, 106),
(1004, 112),
(1004, 116),
(1004, 122),
(1004, 128),
(1004, 137),
(1004, 148),
(1005, 107),
(1005, 117),
(1005, 123),
(1005, 129),
(1005, 138),
(1005, 149),
(1006, 108),
(1006, 118),
(1006, 124),
(1006, 130),
(1006, 139),
(1006, 150),
(1007, 110),
(1007, 119),
(1007, 131),
(1007, 140),
(1007, 101),
(1007, 132),
(1008, 111),
(1008, 120),
(1008, 133),
(1008, 141),
(1008, 102),
(1008, 134);
INSERT INTO compra (IDfactura, productos, valor, cedula_cliente, IDtienda) VALUES
(1, 3, 25000, 222222222, 10097),
(2, 2, 15000, 222222222, 10098),
(3, 4, 35000, 222222222, 10099),
(4, 1, 5000, 222222222, 100100),
(5, 5, 45000, 222222222, 100101),
(6, 2, 18000, 222222222, 10097),
(7, 3, 27000, 222222222, 10098),
(8, 4, 32000, 222222222, 10099),
(9, 1, 6000, 222222222, 100100),
(10, 6, 54000, 222222222, 100101),
(11, 3, 27000, 1007345, 10097),
(12, 2, 18000, 1007345, 10098),
(13, 4, 32000, 1007345, 10099),
(14, 1, 6000, 1007345, 100100),
(15, 6, 54000, 1007345, 100101),
(16, 3, 27000, 1098523, 10097),
(17, 2, 18000, 1098523, 10098),
(18, 4, 32000, 1098523, 10099),
(19, 1, 6000, 1098523, 100100),
(20, 6, 54000, 1098523, 100101),
(21, 3, 27000, 1002578, 10097),
(22, 2, 18000, 1002578, 10098),
(23, 4, 32000, 1002578, 10099),
(24, 1, 6000, 1002578, 100100),
(25, 6, 54000, 1002578, 100101);


